Date,Longitude,Latitude
2005,-122.3215741,37.56129395
2005,-121.7970418,37.08570771
2006,-122.092266,37.372015
2007,-122.4862138,37.7694208
2008,-122.4862138,37.7694208
2009,-122.2866556,37.81200931
2010,-122.2250905,37.05212853
2011,-122.0398681,36.963405
2012,-121.9529992,37.2770029
2012,-121.9363083,37.248094
2012,-121.9363083,37.248094
2012,-122.0307963,36.9741171
2012,-122.019448,36.964417
2012,-121.3559112,38.41203459
2013,-122.092266,37.372015
2013,-121.8730259,37.24793532
2013,-122.2630846,37.8854051
2013,-122.092266,37.372015
2013,-122.069039,37.395004
2013,-122.283325,37.465885
2013,-122.421109,37.72281
2013,-122.092266,37.372015
2013,-122.092266,37.372015
2013,-122.092266,37.372015
2013,-122.092266,37.372015
2013,-122.084638,37.371232
2013,-122.092266,37.372015
2013,-122.092266,37.372015
2013,-122.092266,37.372015
2013,-122.092266,37.372015
2013,-122.092266,37.372015
2013,-122.092266,37.372015
2013,-121.9363,37.246889
2013,-122.320275,37.523954
2013,-121.972403,37.235946
2013,-122.091357,37.375571
2013,-122.321482,37.561
2013,-122.092266,37.372015
2013,-122.092266,37.372015
2013,-122.092266,37.372015
2013,-122.081792,37.418918
2013,-122.092266,37.372015
2013,-122.092266,37.372015
2013,-122.023613,36.981327
2013,-122.092266,37.372015
2013,-122.092266,37.372015
2013,-122.482094,37.769149
2013,-122.237123,37.545898
2013,-122.2753775,37.47347123
2013,-122.5610411,38.0252079
2013,-122.5035346,37.73323706
2013,-122.4224423,37.64461869
2013,-122.4380181,37.71180452
2013,-121.932839,37.3744479
2014,-122.092266,37.372015
2014,-122.088173,37.370986
2014,-122.092266,37.372015
2014,-122.092266,37.372015
2014,-121.930044,37.419071
2014,-122.092266,37.372015
2014,-122.092266,37.372015
2014,-122.042787,37.030731
2014,-122.278154,37.471452
2014,-122.092266,37.372015
2014,-122.084026,37.372306
2014,-122.44033,37.76722
2014,-122.092266,37.372015
2014,-122.470852,37.752501
2014,-122.47093,37.753429
2014,-122.083213,37.389533
2014,-122.092266,37.372015
2014,-122.092266,37.372015
2014,-122.092266,37.372015
2014,-122.439975,37.767669
2014,-122.276734,37.47105
2014,-122.092266,37.372015
2014,-121.351317,38.042004
2014,-122.503796,37.771805
2014,-122.092266,37.372015
2014,-122.092266,37.372015
2014,-122.092266,37.372015
2014,-122.092266,37.372015
2014,-122.092266,37.372015
2014,-122.092266,37.372015
2014,-122.083752,37.377559
2014,-122.143019,37.441883
2014,-122.143019,37.441883
2014,-122.107666,37.371312
2014,-122.092266,37.372015
2014,-122.148614,37.44021
2014,-122.143019,37.441883
2014,-122.000736,37.396878
2014,-122.000736,37.397103
2014,-122.014999,37.386029
2014,-122.092266,37.372015
2014,-122.023553,36.98141
2014,-122.092266,37.372015
2014,-122.092266,37.372015
2014,-122.092266,37.372015
2014,-122.148593,37.440038
2014,-122.502354,37.769855
2014,-122.482538,37.509074
2014,-121.364115,38.057049
2014,-121.364115,38.057049
2014,-122.03022,36.962563
2014,-121.2503208,38.79133186
2014,-122.482886,37.509207
2014,-121.350947,38.04211
2014,-122.029049,36.963048
2014,-122.325525,37.562992
2014,-122.3220781,37.56192313
2014,-121.4912374,38.57536187
2014,-121.4905625,38.57650157
2014,-122.0892196,37.41785675
2014,-122.4862139,37.76942088
2014,-122.4862139,37.76942088
2014,-122.3273062,37.26243195
2015,-122.092266,37.372015
2015,-122.183119,37.378084
2015,-122.271156,37.401631
2015,-122.092266,37.372015
2015,-122.092266,37.372015
2015,-122.092266,37.372015
2015,-121.906526,37.342412
2015,-122.092266,37.372015
2015,-122.365,37.528
2015,-122.092266,37.372015
2015,-122.087792,37.431591
2015,-122.092266,37.372015
2015,-121.350078,38.042169
2015,-122.191562,37.4633
2015,-122.191562,37.4633
2015,-122.023627,36.981324
2015,-121.29078,37.957702
2015,-121.350947,38.04211
2015,-122.320672,37.524249
2015,-121.350947,38.04211
2015,-122.483519,37.76904
2015,-122.0817547,37.3737164
2015,-122.023678,36.981355
2015,-122.18133,37.17724
2015,-122.455846,37.762306
2015,-122.092266,37.372015
2015,-122.092266,37.372015
2015,-122.081858,37.372864
2015,-121.802276,37.396869
2015,-121.801567,37.392932
2015,-122.502354,37.769855
2015,-122.092266,37.372015
2015,-122.092266,37.372015
2015,-121.29078,37.957702
2015,-122.092266,37.372015
2015,-122.092266,37.372015
2015,-122.092266,37.372015
2015,-122.086001,37.366165
2015,-122.087899,37.431821
2015,-122.092266,37.372015
2015,-121.488576,38.574506
2015,-122.092266,37.372015
2015,-122.502955,37.732957
2015,-122.091757,37.553936
2015,-121.29078,37.957702
2015,-122.15937,37.281673
2015,-122.023613,36.981327
2015,-121.928378,37.29785
2015,-122.440377,37.769232
2015,-122.092266,37.372015
2015,-122.092266,37.372015
2015,-122.092266,37.372015
2015,-122.092266,37.372015
2015,-122.092266,37.372015
2015,-121.364188,38.043118
2015,-121.502432,38.541268
2015,-122.092266,37.372015
2015,-122.092266,37.372015
2015,-122.092266,37.372015
2015,-122.084734,37.372323
2015,-122.092266,37.372015
2015,-122.092266,37.372015
2015,-122.082379,37.080909
2015,-122.123026,37.122545
2015,-122.068491,37.416827
2015,-122.399971,37.680766
2015,-122.092266,37.372015
2015,-122.092825,37.372577
2015,-122.061736,37.038626
2015,-122.5032264,37.77081085
2015,-122.1772385,37.32446548
2015,-122.009605,36.964563
2015,-122.0609989,37.02420568
2015,-122.2096297,37.17572858
2015,-122.0615879,37.03720712
2015,-122.0595485,37.03510357
2015,-122.4862289,37.76962919
2016,-122.092266,37.372015
2016,-122.092266,37.372015
2016,-122.092266,37.372015
2016,-122.092266,37.372015
2016,-122.092266,37.372015
2016,-121.951332,37.373977
2016,-122.092266,37.372015
2016,-122.092266,37.372015
2016,-122.092266,37.372015
2016,-122.092266,37.372015
2016,-122.092266,37.372015
2016,-122.104154,37.335102
2016,-121.29078,37.957702
2016,-122.023623,36.981143
2016,-122.092266,37.372015
2016,-121.927049,37.315211
2016,-122.422564,37.610611
2016,-122.083983,37.3717
2016,-122.0915696,37.33592223
2016,-122.092266,37.372015
2016,-122.083479,37.389723
2016,-122.023613,36.981327
2016,-122.287853,37.479362
2016,-122.250063,37.53015868
2016,-121.488512,38.575867
2016,-122.0688388,37.3984111
2016,-121.489212,38.575005
2016,-121.488715,38.576034
2016,-122.2816723,37.54579908
2016,-122.321862,37.5628917
2016,-122.2446135,37.48949813
2016,-122.2657013,37.49676151
2016,-122.3223551,37.5595337
2016,-122.02307,36.980781
2016,-122.443426,37.766897
2016,-122.058148,37.376155
2016,-122.0871055,37.37037887
2016,-122.4398578,37.77009324
2016,-122.0585185,37.37659871
2016,-121.94899,37.39858
2016,-122.1032263,37.3935543
2016,-122.088372,37.434539
2016,-122.1136621,37.3523629
2016,-122.068781,37.412036
2016,-122.0835435,37.41666355
2016,-122.0922659,37.372015
2016,-122.0577273,37.38129969
2016,-122.0922659,37.372015
2016,-122.0922659,37.372015
2016,-122.3856751,37.58193216
2016,-122.0804268,37.41654425
2016,-122.0257339,37.35771789
2016,-121.9066814,37.34252032
2016,-121.905174,37.34300886
2016,-122.0915057,37.35870683
2016,-122.0875088,37.37723548
2016,-122.0768729,37.38214817
2016,-122.0798448,37.36505022
2016,-122.0868722,37.38159357
2016,-122.0820656,37.39525235
2016,-122.0868909,37.37237405
2016,-121.9038444,37.28007025
2016,-122.0631202,37.03768803
2016,-122.5450923,37.9826686
2016,-122.0259592,37.35932793
2016,-122.0922659,37.372015
2016,-122.1034749,37.38575414
2016,-122.1015103,37.39277042
2016,-122.1022861,37.39301172
2016,-122.3857266,37.58128278
2016,-122.5804992,37.98831035
2016,-122.0922659,37.372015
2016,-122.0922659,37.372015
2016,-122.0922659,37.372015
2016,-122.0922659,37.372015
2016,-122.0922659,37.372015
2016,-122.0837179,37.38953236
2016,-122.0387721,36.98318382
2016,-122.0922659,37.372015
2016,-122.0922659,37.372015
2016,-122.0922659,37.372015
2016,-122.0922659,37.372015
2016,-122.0922659,37.372015
2016,-122.0839512,37.37208416
2016,-122.0868058,37.43153758
2016,-122.0922659,37.372015
2016,-122.0876017,37.43159933
2016,-122.5026787,37.73342179
2016,-122.014415,36.97308266
2016,-122.3475505,37.5805489
2016,-122.109974,37.39546159
2016,-122.1784401,37.38157216
2016,-122.0805931,37.37245659
2016,-122.0528222,37.0220091
2016,-122.5477271,37.99428479
2016,-121.98157,37.29014838
2016,-121.913613,37.40446662
2016,-122.4822656,37.7694208
2016,-122.061558,37.31762407
2016,-122.4862289,37.76942565
2017,-122.0922659,37.372015
2017,-122.029227,36.964588
2017,-122.0922659,37.372015
2017,-122.0934127,37.37296664
2017,-122.0838426,37.38948414
2017,-121.9770022,37.42711114
2017,-121.9258504,36.99036551
2017,-121.948092,37.402667
2017,-122.0922659,37.372015
2017,-122.1022278,37.41222384
2017,-122.0795819,37.37257476
2017,-122.0831814,37.38988799
2017,-122.5267659,37.90308586
2017,-122.0324991,36.97430823
2017,-122.023613,36.981327
2017,-122.0924163,37.37177721
2017,-122.0834316,37.4212294
2017,-122.0836562,37.38977418
2017,-122.0829481,37.38994826
2017,-122.4713051,37.75078217
2017,-122.0817626,37.37278331
2017,-122.0836361,37.38981264
2017,-121.9522424,37.3289446
2017,-121.973155,37.404454
2017,-122.0246395,37.37517923
2017,-122.5305176,37.95874423
2017,-122.041047,37.377182
2017,-122.0816653,37.372177
2017,-122.059275,36.9977437
2017,-122.1303119,37.46230882
2017,-121.854359,37.364425
2017,-121.85709,37.36505814
2017,-122.0945996,37.35848174
2017,-121.81997,37.26446
2017,-122.0708106,37.4186008
2017,-121.8610027,37.3221601
2017,-121.9363332,37.32945752
2017,-122.0630618,36.97936687
2017,-121.9977578,37.41097856
2017,-122.1464534,37.43929914
2017,-122.0937874,37.43788611
2017,-122.1343417,37.4018863
2017,-121.954417,37.404457
2017,-122.0792909,37.39073184
2017,-122.0791836,37.39098801
2017,-122.0830514,37.39081623
2017,-122.079193,37.41685101
2017,-122.2890973,37.55896497
2017,-121.4620883,38.57509167
2017,-122.1270415,37.4311964
2017,-122.0834054,37.3899121
2017,-122.285208,37.27767633
2017,-122.0069195,37.36242833
2017,-122.0396546,37.3772109
2017,-122.2380173,37.45450537
2017,-122.5003052,37.76971965
2017,-122.119566,37.337968
2017,-122.5023544,37.7698551
2017,-122.5396884,37.9778582
2017,-122.5396884,37.9778582
2017,-122.5396884,37.9778582
2017,-122.5396884,37.9778582
2017,-121.50158,38.54106333
2017,-122.0158124,37.27229408
2017,-122.4850236,37.76951364
2017,-121.9133539,37.4035894
2017,-121.4948405,38.57646216
2017,-121.4947905,38.57637105
2017,-122.2805783,37.55217833
2017,-122.0160946,37.27180975
2017,-122.4862138,37.7694208
2017,-122.4837457,37.76956056
2017,-122.0832636,37.38975493
2017,-121.8020266,37.3960731
2017,-121.9960562,37.41092999
2018,-121.9974332,36.97641856
2018,-122.0544479,36.97499216
2018,-122.0471915,37.3756371
2018,-121.805613,37.203665
2018,-122.0221804,36.97561173
2018,-122.47594,37.57728403
2018,-122.0282525,37.3534689
2018,-122.2761974,37.5058468
2018,-122.0872938,37.4314411
2018,-122.0634815,37.3135754
2018,-122.3584363,37.5746369
2018,-121.853608,37.223074
2018,-122.0836642,37.37106147
2018,-121.9637234,37.2697458
2018,-122.0300144,37.31823582
2018,-121.9821882,37.22062359
2018,-121.830654,37.205354
2018,-122.2779125,37.50587042
2018,-122.0502654,37.31462036
2018,-122.5023544,37.7698551
2018,-121.3317267,38.04315502
2018,-122.2931126,37.50911509
2018,-122.5715514,37.99215496
2018,-122.0879581,37.4329693
2018,-121.485081,38.56409408
2018,-121.3317705,38.04313719
2018,-122.0775981,37.42092564
2018,-122.26275,37.504055
2018,-122.2036847,37.40135729
2018,-122.0941865,37.41270409
2018,-122.4280015,37.71579733
2018,-122.5911167,38.01925283
2018,-122.1380472,37.43254167
2018,-122.1934816,37.39970381
2018,-122.1434333,37.096725
2018,-121.3653659,38.0536165
2018,-121.821156,37.264266
2018,-122.1507555,37.41900333
2018,-122.1494972,37.420595
2018,-122.1507945,37.417995
2018,-122.1937391,37.40253345
2018,-122.1436917,37.09703333
2018,-122.2797525,37.50775135
2018,-122.337141,37.57179371
2018,-121.9529402,37.33589041
2018,-122.2927167,37.54544667
2018,-122.0879787,37.4197904
2018,-122.0872331,37.4201816
2018,-122.0636156,37.03983384
2018,-122.057213,37.37677006
2018,-121.820687,37.2645928
2018,-121.8453332,37.2202311
2018,-122.4683085,37.75392434
2018,-122.385595,37.58162614
2018,-122.0115423,37.26510503
2018,-122.53395,37.976575
2018,-122.519629,38.0104805
2018,-121.9355392,37.33003763
2018,-121.8471582,37.30488427
2018,-122.3146934,37.5280567
2018,-121.9076883,37.10630927
2018,-122.2485209,37.45610653
2018,-122.089659,37.334588
2018,-121.9595633,37.28369167
2018,-122.2715217,37.28463333
2018,-122.06295,36.999855
2018,-122.0628401,36.99978091
2018,-122.0790369,37.36776355
2018,-121.7458818,38.55959075
2018,-122.0138774,36.97448402
2018,-122.0139027,36.97450826
2018,-122.3146934,37.5280567
2018,-122.014936,37.27178
2018,-122.014936,37.27178
2018,-121.904028,37.34054866
2018,-122.059714,37.276392
2018,-122.0454695,37.38753932
2018,-122.0563191,36.99904701
2018,-122.0169926,37.27145738
2018,-122.1860935,37.69458408
2018,-122.2954333,37.27408333
2018,-122.1390996,37.6800314
2018,-122.5033033,37.769895
2018,-121.994363,36.96728644
2018,-121.99456,36.96755409
2018,-122.0378945,36.9616
2018,-121.3622667,38.410795
2018,-122.2830457,37.4598106
2018,-121.3756311,38.39453219
2018,-121.9757467,37.34081333
2018,-121.975875,37.34097
2018,-122.28487,37.517299
2018,-122.08851,37.43223
2018,-122.1375877,37.35169
2018,-122.083664,37.389869
2018,-122.4055633,37.74781333
2018,-121.5024717,38.57651167
2018,-121.9128417,37.283505
2018,-122.2024133,37.39705182
2018,-122.0663535,37.40019629
2018,-122.45268,37.75216602
2018,-122.1392952,37.08475528
2018,-122.1392952,37.08475528
2018,-122.1392952,37.08475528
2018,-121.5047008,38.53939845
2018,-122.452699,37.75221342
2018,-122.5036216,37.73387497
2018,-122.2040761,37.40257356
2018,-122.2040761,37.40257356
2018,-122.4977117,37.716155
2018,-122.0224001,36.97519331
2018,-122.1993421,37.40244041
2018,-121.9738617,37.23278333
2018,-122.0443848,37.02992614
2018,-122.0274014,36.98291999
2018,-121.5024633,38.57648
2018,-122.1147318,37.37688037
2018,-122.5256417,37.99438833
2018,-121.898545,36.600905
2018,-122.3290617,37.56223
2018,-122.3288333,37.56234333
2018,-122.3205016,37.58954595
2018,-122.3209917,37.58961167
2018,-122.3202215,37.58964265
2018,-122.3201899,37.58984898
2018,-122.1543719,37.481065
2018,-122.494239,37.77115089
2018,-122.3156202,37.58659406
2018,-122.3156202,37.58659406
2018,-122.3156202,37.58659406
2018,-122.499938,37.765356
2018,-122.3222902,37.56206369
2018,-121.85389,37.36547736
2018,-121.855839,37.36464302
2018,-122.0694667,37.41466167
2018,-122.4409117,37.76683833
2018,-122.3170748,37.58616245
2018,-121.822307,37.265855
2018,-122.0111922,36.98630022
2018,-122.5888686,37.9871454
2018,-122.5026075,37.76989573
2018,-121.9530504,37.26559878
2018,-122.0496884,37.55746864
2018,-122.3206333,37.59010333
2018,-122.3220583,37.58905333
2018,-122.322005,37.58902
2018,-122.3197033,37.589595
2018,-122.4416583,37.7672
2018,-121.9725644,37.2348836
2018,-122.2891827,37.46602705
2018,-121.9769833,37.33977833
2018,-121.9767383,37.33971667
2018,-122.32193,37.56137833
2018,-122.452266,37.73391958
2018,-121.4906717,38.5774857
2018,-121.9536192,37.26475724
2018,-122.0112252,36.98645757
2018,-122.0503967,36.97124245
2018,-121.8678465,37.32969616
2018,-121.964076,37.414272
2018,-122.0577862,36.998
2018,-121.832475,37.208904
2018,-122.0306379,37.3102402
2018,-122.4862138,37.7694208
2018,-122.0112778,36.9862931
2018,-122.0309977,37.31022987
2018,-122.0873136,37.4319536
2018,-122.5534367,37.959175
2018,-122.0369195,37.39093833
2018,-121.9292452,37.29743631
2018,-122.4077345,37.67948766
2018,-121.9948883,37.28118667
2018,-122.5051261,37.77014826
2018,-122.0236031,36.98142584
2018,-121.287657,37.97680141
2018,-121.9269867,37.23552167
2018,-121.9363005,37.2482763
2018,-121.9631117,37.25483
2018,-122.1247041,37.41921155
2018,-122.0279917,36.96345
2018,-122.366212,37.53137668
2018,-122.5139507,37.91570734
2018,-122.3215425,37.53310969
2018,-122.578155,37.97786667
2018,-121.9864117,37.29750833
2018,-121.9972069,37.41276451
2018,-122.0801374,37.38456218
2018,-122.0779685,37.3884152
2018,-122.3215497,37.53308487
2018,-122.2968294,37.54940381
2018,-122.1781783,37.44427833
2018,-122.177825,37.443755
2018,-122.1759224,37.44199968
2018,-122.1764163,37.44212634
2018,-122.1762234,37.44193832
2018,-122.0227235,36.97456953
2018,-122.1788333,37.442905
2018,-121.96251,36.97334889
2018,-122.385942,37.58177651
2018,-122.1194478,37.3753978
2018,-122.0524552,37.40165056
2018,-122.0213589,36.97405981
2018,-121.9184495,37.30199978
2018,-121.9704002,37.24019926
2018,-122.0634355,37.31287098
2018,-122.1786219,37.45371078
2018,-121.9205089,37.30129572
2018,-122.3119671,37.52170767
2018,-122.4862138,37.7694208
2018,-121.9830467,36.97067833
2018,-122.5466647,38.03104625
2018,-122.1775587,37.45357259
2018,-122.0007013,37.39651921
2018,-122.3193512,37.59009995
2018,-122.4285941,37.65350366
2018,-122.0196305,36.986625
2019,-121.9151273,36.98955617
2019,-122.5880334,38.0729867
2019,-122.24108,37.48878833
2019,-122.233605,37.53559167
2019,-121.8379746,36.9180875
2019,-122.0324333,36.97309167
2019,-122.1688983,37.43654209
2019,-122.0708555,37.39529667
2019,-121.462823,38.57559646
2019,-121.8735695,37.24833363
2019,-121.8735481,37.24592324
2019,-122.2776402,37.51722754
2019,-122.2349033,37.53657167
2019,-122.5018987,37.76858768
2019,-122.2832154,37.50852
2019,-122.077694,37.38829014
2019,-122.0569612,37.34426333
2019,-122.2246488,37.47322174
2019,-122.3117706,37.57599078
2019,-122.0614331,37.39985618
2019,-122.0174945,37.36459667
2019,-122.0567543,36.9529053
2019,-122.0507823,36.97361615
2019,-122.2335667,37.53602
2019,-122.5396884,37.9778582
2019,-122.5396884,37.9778582
2019,-121.825794,37.39567745
2019,-121.9089662,37.22033637
2019,-121.9899347,36.96676451
2019,-122.0607291,37.32011597
2019,-122.4969427,37.76823346
2019,-121.8564361,37.3207579
2019,-122.3995289,37.6781594
2019,-122.0646865,37.23374666
2019,-122.1430195,37.4418834
2019,-122.4836389,37.76914941
2019,-122.4836389,37.76914941
2019,-122.171509,37.475011
2019,-122.4109977,37.74524842
2019,-122.4996034,37.76779244
2019,-122.4996034,37.76779244
2019,-122.0056543,37.30704309
2019,-122.2338633,37.53568333
2019,-122.233505,37.53641167
2019,-122.2334967,37.53623333
2019,-122.0881145,37.4327548
2019,-122.2976188,37.5178892
2019,-121.8472009,37.30482583
2019,-122.0803961,37.37162247
2019,-122.1073407,37.38666677
2019,-122.1073966,37.38672439
2019,-122.1083681,37.38726836
2019,-122.0913736,37.3714653
2019,-122.2602416,37.42783936
2019,-122.3186646,37.5873706
2019,-122.0220274,36.97465411
2019,-122.0617055,37.40035
2019,-122.57837,37.97806667
2019,-122.3744029,37.540144
2019,-121.4990151,38.53962224
2019,-122.1668231,37.43864896
2019,-122.2341617,37.53646167
2019,-122.0268877,37.35934358
2019,-121.898605,36.96918833
2019,-122.0266945,36.97013
2019,-122.3191736,37.58740435
2019,-122.4995249,37.7674537
2019,-122.0112484,37.26146272
2019,-122.2232083,37.4732001
2019,-122.0220945,36.97513833
2019,-122.4390536,37.76903762
2019,-122.2021467,37.16559167
2019,-121.5020674,38.56831777
2019,-122.0321823,37.3229978
2019,-122.3856399,37.58164933
2019,-121.9462522,37.39623647
2019,-121.9363005,37.2482763
2019,-122.3215449,37.5612867
2019,-122.3856386,37.58167065
2019,-121.9219139,36.97889986
2019,-122.1412055,37.37695
2019,-122.1074667,37.38638
2019,-121.95275,37.02281117
2019,-122.0974072,37.40179363
2019,-122.27849,37.50629
2019,-122.084604,37.39637741
2019,-122.0111217,37.00297404
2019,-121.9396217,37.32927
2019,-121.9407883,37.32755
2019,-122.111104,37.997762
2019,-122.0882805,37.39555333
2019,-122.0589001,36.95026454
2019,-122.0106822,37.31765806
2019,-121.976075,36.95809167
2019,-122.0314555,37.01502222
2019,-122.008328,37.27992899
2019,-121.9098133,36.97455333
2019,-122.140975,37.0907945
2019,-122.1646055,37.443
2019,-121.9878833,36.96886333
2019,-122.5030006,37.76994865
2019,-122.22369,37.47276
2019,-121.8516533,37.32302833
2019,-121.9558677,37.40663661
2019,-122.166631,37.46633672
2019,-122.166722,37.46625588
2019,-122.1669618,37.46651541
2019,-122.1666128,37.46607885
2019,-122.2818695,37.53447788
2019,-122.1936861,37.45770222
2019,-122.3110095,37.52175379
2019,-121.9745102,37.31507965
2019,-122.5830343,38.1052475
2019,-122.5830343,38.1052475
2019,-122.5830343,38.1052475
2019,-122.0385888,37.35817167
2019,-122.3491567,37.57915893
2019,-122.0351417,37.38768833
2019,-122.5014917,37.76779244
2019,-122.5014917,37.76779244
2019,-122.0308613,37.31012765
2019,-122.0126195,36.97503333
2019,-122.4409783,37.76809667
2019,-121.9906617,36.97632167
2019,-121.9351908,37.01166
2019,-121.8138137,37.28441637
2019,-122.3857731,37.58210455
2019,-122.4821768,37.76784048
2019,-122.4822321,37.76866378
2019,-121.8751517,37.31256164
2019,-122.5002037,37.77091339
2019,-122.0489441,37.55830675
2019,-122.2272824,37.25709231
2019,-121.9411477,37.29623617
2019,-122.5935283,37.99248
2019,-122.0828398,37.37194
2019,-122.0583698,36.95343705
2019,-122.0635776,37.03959081
2019,-122.2830291,37.53192005
2019,-122.4065902,37.68253449
2019,-122.2936751,37.50915271
2019,-122.2339033,37.53574667
2019,-122.3281676,37.56244891
2019,-122.0057154,37.30696904
2019,-122.1628049,37.44619282
2019,-122.481687,37.50755829
2019,-122.0057111,37.30701977
2019,-122.481458,37.50662037
2019,-122.0318537,36.96248157
2019,-122.005096,37.30599475
2019,-122.0067722,37.30652502
2019,-122.0051511,37.30599324
2019,-121.9874954,37.286422
2019,-122.2098933,37.48026703
2019,-122.3819379,37.58368449
2019,-122.2876424,37.1527661
2019,-122.2338633,37.535655
2019,-122.5830343,38.1052475
2019,-122.5597358,38.0848779
2019,-122.0873136,37.43211168
2019,-122.171509,37.475011
2019,-122.4818379,37.50695916
2019,-122.2826235,37.531907
2019,-122.4991062,37.76737739
2019,-122.0461173,37.32130288
2019,-122.0307963,36.9741171
2019,-122.0461448,36.97328027
2019,-122.5021291,37.76998231
2019,-122.5021291,37.76998231
2019,-121.820604,37.2637784
2019,-122.5027167,37.73293
2019,-121.8893882,37.34978963
2019,-122.4824496,37.77173077
2019,-122.0944707,37.38504697
2019,-122.0054553,37.30606222
2019,-122.005584,37.30684977
2019,-122.0055517,37.30605357
2019,-122.2938771,37.50892981
2019,-122.0095278,36.964795
2019,-122.0599207,37.08537412
2019,-122.4287717,37.75062167
2019,-122.1627278,37.3500616
2019,-122.1130137,37.41966035
2019,-122.3375973,37.54808359
2019,-121.9543138,37.26257664
2019,-122.1126589,37.41968267
2019,-121.9442403,37.2818712
2019,-121.9444316,37.28180891
2019,-121.9637012,37.269717
2019,-122.4470552,37.67660194
2019,-121.9319581,37.25782698
2019,-122.4937819,37.77170414
2019,-122.4943613,37.77175079
2019,-122.0968745,37.4322337
2019,-122.0968006,37.43225986
2019,-122.176705,37.458225
2019,-121.9637646,37.26954946
2019,-122.0810415,37.41878558
2019,-122.0827778,37.41877601
2019,-121.9638088,37.26978307
2019,-121.8350174,37.19399994
2019,-122.0755316,37.42072336
2019,-121.917861,37.36560202
2019,-122.0855364,37.42078159
2019,-122.4862139,37.76942088
2019,-121.9858867,37.15590283
2019,-122.0050341,37.30599012
2019,-122.0056629,37.30675788
2019,-122.0050709,37.3060052
2019,-122.5027133,37.76984049
2019,-122.0672093,37.0414077
2019,-122.0818818,37.4199264
2019,-121.9733366,37.2604184
2019,-122.1386131,37.43479221
2019,-122.5763167,37.99407
2019,-121.8194164,37.26327468
2019,-121.9544086,37.4038071
2019,-122.3292301,37.55041097
2019,-122.3292728,37.5504021
2019,-121.3124072,37.98980432
2019,-122.4945654,37.77172954
2019,-121.8580532,37.3213341
2019,-121.8586885,37.32192469
2019,-122.0356214,37.2579935
2019,-122.1658905,37.4182263
2019,-122.1223564,37.38366271
2019,-122.120914,37.38183301
2019,-122.3254031,37.58874015
2019,-121.8625429,37.3236961
2019,-122.023161,37.36057113
2019,-122.1791561,37.45404059
2019,-122.1790477,37.45407106
2019,-122.086943,37.43160341
2019,-122.0871313,37.4317019
2019,-122.0876968,37.4329702
2019,-122.0321823,37.3229978
2019,-121.8816333,37.21764851
2019,-121.9639765,37.26973399
2019,-122.0593722,37.03753333
2019,-122.5027969,37.76977256
2019,-121.9544408,37.40548606
2019,-122.469134,37.78535903
2019,-122.0803298,37.37248462
2019,-121.9807153,37.34316523
2019,-122.1590284,37.44601567
2019,-121.863525,37.22050556
2019,-122.0651583,36.9573029
2019,-122.3981,37.59394
2019,-122.251902,37.42840813
2019,-121.9626325,36.97394393
2019,-121.5014777,38.54175886
2019,-122.0407338,37.37724845
2019,-122.0398795,37.37682525
2019,-121.2462723,38.79106624
2019,-122.007799,37.308524
2019,-122.5033908,37.77023648
2019,-122.0639309,37.03976089
2019,-121.4884033,38.576205
2019,-121.4899583,38.57538333
2019,-122.32145,37.56118
2020,-122.2605657,37.21069213
2020,-122.022556,36.97494566
2020,-122.288451,37.55867
2020,-121.9363005,37.2482763
2020,-121.4906617,38.57532833
2020,-122.5163575,38.01481801
2020,-121.49083,38.57510333
2020,-121.4795217,38.58400833
2020,-121.9528464,37.26580926
2020,-122.0830308,37.37740388
2020,-122.0830751,37.37741347
2020,-121.97422,37.23695333
2020,-122.0869353,37.4329554
2020,-121.93026,37.29742005
2020,-122.2268186,37.27632977
2020,-122.2796003,37.5073171
2020,-122.2508565,37.52248246
2020,-122.1643501,37.45570735
2020,-122.2680227,37.4646603
2020,-121.5014323,38.6266144
2020,-122.4947263,37.77172106
2020,-121.9524222,37.32876111
2020,-122.0630426,37.31760449
2020,-122.4069728,37.6793518
2020,-122.1816117,37.45047833
2020,-122.0445434,36.9807397
2020,-121.9589116,37.28378717
2020,-121.9523472,37.33543333
2020,-122.168932,37.47373881
2020,-122.2930518,37.56176336
2020,-122.169689,37.47485756
2020,-121.474425,38.57568
2020,-122.206252,37.9984139
2020,-122.0455343,37.16609469
2020,-122.0634929,37.3152146
2020,-121.8139278,37.25424736
2020,-122.082013,37.3724661
2020,-122.0528119,37.02246727
2020,-122.2345417,37.536975
2020,-121.9321462,37.29718125
2020,-122.10295,37.10549167
2020,-122.1860967,37.44624667
2020,-122.2508594,37.52154982
2020,-122.6002717,38.11408333
2020,-122.2342042,37.53600418
2020,-122.2333533,37.53635
2020,-121.9552726,36.99297566
2020,-121.86553,37.41126333
2020,-121.97718,37.233025
2020,-122.2660667,37.55008333
2020,-121.96,37.28423
2020,-122.0745862,37.35744667
2020,-122.264045,37.549295
2020,-122.1430195,37.4418834
2020,-122.2338467,37.53565333
2020,-122.1577937,37.42330795
2020,-122.2387607,37.54848708
2020,-122.0934256,37.39395521
2020,-121.9760309,37.34135892
2020,-121.3521867,38.55821533
2020,-122.4776167,37.98692167
2020,-122.2889553,37.55867851
2020,-122.5019133,37.768805
2020,-121.936963,37.33043588
2020,-122.5034318,37.77002024
2020,-122.0016856,37.31190128
2020,-122.2666333,37.54948
2020,-121.9019461,37.2462676
2020,-122.0235278,37.27916667
2020,-122.1393281,37.41083237
2020,-121.9371745,37.33065847
2020,-121.9523411,37.32909122
2020,-121.9666533,37.26886333
2020,-121.9201293,37.33581071
2020,-121.9371777,37.33114303
2020,-122.2338783,37.53552167
2020,-122.385972,37.5816413
2020,-122.489997,37.5842804
2020,-121.952345,37.30707289
2020,-121.9523343,37.30709849
2020,-121.9543298,37.30708269
2020,-121.9537612,37.30782512
2020,-121.9544371,37.30781659
2020,-122.2915519,37.55691603
2020,-122.6009736,38.12705575
2020,-122.119321,37.375662
2020,-121.9546195,37.30699609
2020,-121.953592,37.30542845
2020,-122.1350028,37.42107833
2020,-122.0147769,37.3715406
2020,-121.9551811,37.40604002
2020,-121.8894627,37.34952988
2020,-122.4412467,37.76696667
2020,-121.9496308,36.98842302
2020,-122.2098833,37.42388
2020,-121.8997281,37.22466643
2020,-121.31968,37.99580333
2020,-122.1024608,37.36923136
2020,-121.9363338,37.32954701
2020,-122.1961035,37.44110752
2020,-122.3263162,37.26192609
2020,-121.9757615,37.34125565
2020,-122.0062597,37.36278675
2020,-122.039725,37.38358333
2020,-121.9364518,37.32930803
2020,-122.0234612,37.27917167
2020,-121.9202662,37.3356479
2020,-122.3255254,37.5629917
2020,-122.3255254,37.5629917
2020,-122.3255254,37.5629917
2020,-122.141545,37.45000918
2020,-122.0732973,37.0513374
2020,-122.5441299,37.98899063
2020,-122.1559534,37.41897405
2020,-121.8970071,37.30921397
2020,-122.0636659,37.40824048
2020,-121.8395538,37.23118649
2020,-121.8814215,37.25660639
2020,-122.3167796,37.56969868
2020,-122.443445,37.75365833
2020,-122.1291278,37.385145
2020,-121.9571041,37.2899741
2020,-121.9571041,37.2899741
2020,-121.9527309,37.2521469
2020,-121.9588617,36.96883
2020,-122.5891583,38.01799717
2020,-121.8394894,37.23113097
2020,-121.9659976,37.24479964
2020,-121.8329791,37.30113341
2020,-122.23472,37.5346
2020,-122.2337717,37.53569667
2020,-122.1003087,37.41370788
2020,-122.276497,37.5053634
2020,-121.9580375,37.29069109
2020,-121.9580375,37.29069109
2020,-121.9580375,37.29069109
2020,-121.9580375,37.29069109
2020,-121.9580375,37.29069109
2020,-122.471745,37.75643169
2020,-122.5229989,37.90056441
2020,-122.503845,37.77090833
2020,-121.9562028,37.28995702
2020,-121.9562028,37.28995702
2020,-121.9562028,37.28995702
2020,-122.1579805,37.41697167
2020,-121.7469117,38.558125
2020,-122.5029886,37.76968767
2020,-122.07071,37.34845108
2020,-122.5217883,38.00825
2020,-121.8183052,38.4429974
2020,-122.4645683,37.66484715
2020,-122.3166517,37.55126026
2020,-122.0706765,37.34845396
2020,-121.9562672,37.2900936
2020,-121.9562672,37.2900936
2020,-121.9562672,37.2900936
2020,-121.9562672,37.2900936
2020,-121.2357828,38.7907339
2020,-121.8958293,37.3566523
2020,-122.4862138,37.7694208
2020,-121.999585,37.413591
2020,-121.999591,37.413598
2020,-121.9364509,37.32934509
2020,-122.0504528,37.31386167
2020,-122.0738362,37.32523
2020,-122.0884758,37.43216183
2020,-122.0552017,37.00215133
2020,-121.8556283,37.299525
2020,-122.0396606,37.37693173
2020,-122.1216807,37.38723891
2020,-122.0420519,37.34377961
2020,-121.9561385,37.28995703
2020,-121.9561385,37.28995703
2020,-121.9561385,37.28995703
2020,-122.0633281,37.089909
2020,-122.117661,37.39568489
2020,-122.2884571,37.55788395
2020,-122.0449802,37.35254663
2020,-122.0933612,37.38578741
2020,-122.1032195,37.38978667
2020,-122.1609537,37.35008996
2020,-122.2775584,37.5073541
2020,-122.3210148,37.53277862
2020,-121.97512,37.34286167
2020,-121.9602398,37.34054131
2020,-122.2760099,37.5172593
2020,-121.9561385,37.29029846
2020,-121.9561385,37.29029846
2020,-121.9561385,37.29029846
2020,-121.9015362,37.24388787
2020,-121.9658375,37.24520779
2020,-121.971094,37.24365739
2020,-122.4434367,37.75371667
2020,-122.4496318,37.76495324
2020,-122.4530417,37.738055
2020,-121.1161839,38.65180886
2020,-122.1040086,37.40423339
2020,-121.9878187,36.99181841
2020,-122.3857347,37.58173374
2020,-122.222695,37.43749667
2020,-122.2226867,37.43785833
2020,-121.7492363,37.62121934
2020,-122.2714176,37.31782261
2020,-122.0881145,37.4327548
2020,-122.4758862,37.57778151
2020,-121.938995,37.31256167
2020,-121.9725622,37.2348826
2020,-121.8109583,37.27396167
2020,-122.1295748,37.4309563
2020,-121.5055858,38.5459738
2020,-121.8492727,37.2538084
2020,-121.8493569,37.25380232
2020,-121.8488197,37.25441967
2020,-122.1038046,37.1151584
2020,-122.1039451,37.40421738
2020,-122.4859696,37.85091519
2020,-122.4160467,37.7374
2020,-122.0654415,37.0898545
2020,-122.1778152,37.45359345
2020,-122.1780724,37.45368051
2020,-122.093568,37.3850112
2020,-121.328045,38.55522078
2020,-122.3290501,37.56221633
2020,-122.1186049,37.37353518
2020,-122.0870346,37.4313889
2020,-122.5794367,37.97546808
2020,-122.5018291,37.76860906
2020,-122.5796193,37.97528169
2020,-122.5796374,37.97532563
2020,-122.3499617,37.56707833
2020,-121.9444576,37.28153731
2020,-121.9393277,37.28629463
2020,-122.2764032,37.5173104
2020,-122.4166649,37.74352256
2020,-122.0165028,36.964695
2020,-122.3038636,37.53637789
2020,-122.0595985,36.99864223
2020,-122.252998,37.56470812
2020,-122.0440768,37.03251684
2020,-122.0363497,37.36882996
2020,-122.0363496,37.36883
2020,-122.2529833,37.56493833
2020,-122.5014526,37.76954618
2020,-122.5522532,38.07015779
2020,-121.9290131,36.54196436
2020,-122.385948,37.58156541
2020,-121.9913073,36.99755348
2020,-122.5623083,38.02646667
2020,-122.2612373,37.41102795
2020,-122.2004795,37.99388201
2020,-122.0454816,37.16667321
2020,-122.3350344,37.54981457
2020,-122.0807481,37.40962718
2020,-121.9693114,37.24256325
2020,-121.9582967,37.311375
2020,-122.2753937,37.39718381
2020,-122.5738245,38.11268863
2020,-122.069955,37.38734165
2020,-122.002075,37.27661333
2020,-122.0577778,37.38630333
2020,-121.8974599,37.3329813
2020,-122.2561153,37.49209564
2020,-122.2560361,37.49203424
2020,-122.2530957,37.56513896
2020,-122.2353967,37.53593333
2020,-122.2253417,37.45247833
2020,-122.5686732,38.11093152
2020,-122.2335187,37.53544822
2020,-122.23372,37.53539167
2020,-122.0985307,37.33236952
2020,-121.9441405,37.23742133
2020,-121.9850217,36.96182167
2020,-122.2347853,37.53914475
2020,-122.38913,37.78236667
2020,-122.2968074,37.54812796
2020,-122.2340981,37.53491503
2020,-122.2353172,37.53530767
2020,-122.23458,37.53452833
2020,-122.2350423,37.53627377
2020,-122.3212074,37.59123274
2020,-121.4924474,38.57741112
2020,-122.2338867,37.53563667
2020,-122.015725,37.34318
2020,-122.3590514,37.5837657
2020,-122.3259674,37.58598594
2020,-122.1008173,37.33108589
2020,-122.4853993,37.73529296
2020,-122.4977151,37.76969219
2020,-122.4977151,37.76969219
2020,-122.2340617,37.53628667
2020,-122.2342,37.535095
2020,-122.2341783,37.53509167
2020,-122.3034463,37.53532396
2020,-122.3508512,37.55513163
2020,-122.2360457,37.53683332
2020,-122.2515244,37.52486138
2020,-122.0437368,37.3237035
2020,-122.0437368,37.3237035
2020,-122.088639,37.43315286
2020,-120.5865935,38.7612923
2020,-122.5794922,37.97527238
2020,-121.9636833,37.26976167
2020,-121.9364722,37.24795176
2020,-122.5353167,37.976045
2020,-122.234055,37.53650333
2020,-122.3034157,37.53627387
2020,-121.94646,37.27822365
2020,-122.0550493,37.34821601
2020,-121.9362808,37.32953832
2020,-121.8747101,37.34768912
2020,-121.9393626,37.28475133
2020,-122.0909168,37.43286022
2020,-121.6002155,37.01346684
2020,-121.9807234,37.34323401
2020,-122.0550493,37.34821601
2020,-122.3038876,37.53656114
2020,-122.2334667,37.53618667
2020,-122.0628834,37.93192448
2020,-122.2334583,37.535855
2020,-122.23462,37.53676667
2020,-122.0927722,37.38007167
2020,-122.502105,37.76292833
2020,-122.0634816,37.09001013
2020,-122.3433443,37.5292758
2020,-122.3433443,37.5292758
2020,-122.3433443,37.5292758
2020,-122.3433443,37.5292758
2020,-122.3433443,37.5292758
2020,-122.3433443,37.5292758
2020,-122.3433443,37.5292758
2020,-122.1040945,37.41231167
2020,-121.9521028,37.328975
2020,-121.9081196,37.31099474
2020,-122.2349333,37.53483667
2020,-122.2351287,37.53517807
2020,-122.3178955,37.58650823
2020,-122.0878277,37.3909126
2020,-122.0246822,37.3916077
2020,-122.1532499,37.4389982
2020,-121.9524083,37.32902778
2020,-122.2297559,37.43807076
2020,-122.4431184,37.75440117
2020,-121.9514724,37.25922477
2020,-121.8824971,37.30199923
2020,-121.939195,37.28624667
2020,-122.4497645,37.76481935
2020,-122.0339847,37.36786521
2020,-122.0057972,37.36198889
2020,-122.0363496,37.36883
2020,-122.036991,36.96148924
2020,-121.8798944,37.35464785
2020,-122.4939635,37.72850871
2020,-121.9447662,37.3015531
2020,-121.9416117,37.27896167
2020,-121.9520806,37.32882222
2020,-121.9755349,37.34277783
2020,-121.9554105,37.40365451
2020,-121.9554105,37.40365451
2020,-121.8735696,37.2483293
2020,-121.8246148,37.32911227
2020,-122.0874352,37.43141298
2020,-121.9024117,36.58522
2020,-122.0697599,37.23875317
2020,-122.5087667,37.77068333
2020,-121.9364722,37.24795176
2020,-122.0613936,37.03707913
2020,-122.3211133,37.561875
2020,-122.5017889,37.76853394
2020,-121.76657,37.2355328
2020,-122.2448997,37.47342168
2020,-122.0876167,37.24133333
2020,-122.0926486,37.37904547
2020,-121.9724417,37.23837833
2020,-122.5026943,37.76952245
2020,-122.0873857,37.4317953
2020,-122.23475,37.53448
2020,-121.8135557,37.21057656
2020,-121.8135557,37.21057656
2020,-121.9073417,36.97535333
2020,-121.9521639,37.32888889
2020,-121.9554246,36.99321108
2020,-122.2348915,37.53638284
2020,-122.4989737,37.76940536
2020,-122.4678893,37.78740016
2020,-122.1332266,37.43103737
2020,-122.4839661,37.77009075
2020,-122.2346333,37.53448833
2020,-121.9560694,37.23238889
2020,-121.3186436,38.01465595
2020,-122.4147333,37.72059667
2020,-122.5031283,37.76982833
2020,-122.4877724,37.76142665
2020,-122.0865239,37.42217204
2020,-122.087307,37.43205471
2020,-122.0742183,37.39566897
2020,-121.9362031,37.32941028
2020,-122.233895,37.535725
2020,-122.4568167,37.78701167
2020,-121.5040041,38.5392791
2020,-122.463395,37.78670833
2020,-122.0337478,37.31417488
2020,-121.9342583,37.33115
2020,-122.2337583,37.53521667
2020,-122.4484867,37.73288667
2020,-122.440955,37.73931333
2020,-122.1584697,37.46712076
2020,-122.1886892,37.32125324
2020,-122.4415583,37.76710833
2020,-122.4423154,37.75813357
2020,-121.2883073,37.97875717
2020,-121.9362646,37.32953214
2020,-121.9471667,37.3031655
2020,-122.245829,37.45782212
2020,-122.469229,37.78704479
2020,-122.2500363,37.52987828
2020,-122.2882879,37.56004338
2020,-122.2449753,37.53780966
2020,-122.2759975,37.5577971
2020,-122.2759975,37.5577971
2020,-122.2460303,37.52763532
2020,-122.234755,37.53466333
2020,-121.644425,37.1086695
2020,-121.9337083,37.33037167
2020,-122.2341917,37.53576333
2020,-122.2347555,37.53554505
2020,-122.2484545,37.53186566
2020,-122.335005,37.54985833
2020,-121.8459861,37.22069444
2020,-122.2484508,37.53163843
2020,-122.2355583,37.535375
2020,-122.1822418,37.45467291
2020,-121.9920849,37.36550289
2020,-121.4694105,38.57481221
2020,-122.307045,37.53411333
2020,-121.9523467,37.32891993
2020,-121.8506917,37.25116389
2020,-121.9348139,37.331975
2020,-122.1124225,37.41933617
2020,-122.1124235,37.41933969
2020,-121.9523611,37.3289
2020,-121.93612,37.32929667
2020,-122.0841444,37.42201944
2020,-122.5489263,38.0756041
2020,-122.5028694,37.76978725
2020,-121.9362485,37.32949801
2020,-122.2347633,37.53482
2020,-122.0800161,37.3905747
2020,-122.0800161,37.3896745
2020,-122.0764652,37.3901481
2020,-122.2477996,37.53151594
2020,-121.9362002,37.32939626
2020,-121.936219,37.32945986
2020,-121.9364873,37.32958039
2020,-122.2951792,37.55002177
2020,-122.4194155,37.7749295
2020,-122.4479965,37.482668
2020,-122.5616448,37.9746458
2020,-122.2087867,37.84573333
2020,-122.2894304,37.55893004
2020,-121.9356383,37.33132167
2020,-122.0241142,37.32525758
2020,-122.5034179,37.76973944
2020,-122.2499576,37.53033096
2020,-122.2483825,37.52954899
2020,-122.580895,37.977775
2020,-121.8958603,37.35674054
2020,-122.0550493,37.34821601
2020,-121.9363081,37.32957144
2020,-122.0505661,37.0940615
2020,-121.8740783,37.28345833
2020,-121.952475,37.27756959
2020,-122.5929717,38.10976667
2020,-122.1542195,37.44946667
2020,-122.4353753,37.69956682
2020,-122.2483625,37.52953255
2020,-121.9361874,37.32935394
2020,-121.9364735,37.32936853
2020,-122.270355,37.541275
2020,-122.2483589,37.52953263
2020,-122.2495358,37.53001567
2020,-122.2500863,37.53030917
2020,-121.9425064,37.32151244
2020,-121.8139931,37.20514533
2020,-121.9687367,36.97985833
2020,-121.9524588,37.32912961
2020,-122.3197613,37.58774409
2020,-121.9523728,37.32913333
2020,-121.9523859,37.32892176
2020,-122.6011784,38.12385068
2020,-121.7805389,37.24722316
2020,-121.9436096,37.28223105
2020,-121.8763709,37.28934361
2020,-122.0070111,37.34291111
2020,-121.9759306,37.34098333
2020,-121.9752361,37.34278056
2020,-121.975075,37.34282222
2020,-121.9756611,37.34195
2020,-121.9737917,37.34010278
2020,-121.9738167,37.34561944
2020,-121.9748,37.34241111
2020,-121.9747861,37.3424
2020,-122.0070722,37.34333889
2020,-122.1430195,37.44201103
2020,-121.9637221,37.35858055
2020,-121.92833,37.25713
2020,-122.5039133,37.77095833
2020,-122.1305745,37.44439514
2021,-121.3798241,38.62145573
2021,-122.0579833,37.39128833
2021,-122.2483064,37.5295171
2021,-122.062172,36.999855
2021,-122.2478703,37.52881349
2021,-122.5023329,37.77031307
2021,-121.4905195,38.57635024
2021,-122.2304606,37.38145372
2021,-121.7633667,37.31132833
2021,-122.0628818,37.03819003
2021,-121.7253873,38.57027003
2021,-122.2612205,37.41048783
2021,-122.037598,37.364934
2021,-122.3036087,37.53657547
2021,-122.2497508,37.5307173
2021,-122.2478167,37.5310416
2021,-122.190038,37.48445723
2021,-121.74218,37.20672
2021,-121.9457167,36.97911333
2021,-122.0578917,36.957405
2021,-122.0656583,37.394305
2021,-121.9523861,37.32882778
2021,-121.9521472,37.32891389
2021,-121.9361954,37.32942185
2021,-122.4393908,37.76848938
2021,-122.1632294,37.3621284
2021,-121.8611117,37.45546752
2021,-122.5325071,38.05117432
2021,-121.9552258,36.98613769
2021,-122.190038,37.48445723
2021,-121.95161,37.085969
2021,-122.0991167,37.39321787
2021,-122.4772846,37.73615037
2021,-122.1413291,37.4437446
2021,-122.0949436,37.35885254
2021,-122.0087445,37.30363333
2021,-122.253589,37.52704301
2021,-122.4209833,37.72411333
2021,-121.9406274,37.28438648
2021,-121.9402983,37.28455467
2021,-121.5023424,38.56940334
2021,-122.2095662,37.39087777
2021,-122.2086221,37.3892752
2021,-121.8115723,37.2843006
2021,-121.7952221,37.26553026
2021,-122.0237805,37.30173667
2021,-122.0942222,37.35120333
2021,-121.7926705,37.65106705
2021,-121.898645,36.96926333
2021,-122.23503,37.53749667
2021,-122.3016214,37.51956663
2021,-122.2516773,37.46284009
2021,-122.4522783,37.733905
2021,-122.0149108,36.98532847
2021,-121.5056061,38.61674009
2021,-121.7828267,38.55185753
2021,-122.5162424,38.01029155
2021,-122.5025467,37.76859167
2021,-121.9667235,37.29197571
2021,-121.966734,37.29199772
2021,-121.9398717,37.33809667
2021,-122.2853383,37.28009167
2021,-122.0872114,37.43162638
2021,-122.0213388,37.356105
2021,-122.4431027,37.75439288
2021,-122.0483389,37.34298611
2021,-121.7015182,38.54975888
2021,-122.2483924,37.52956664
2021,-122.2483587,37.52955341
2021,-121.9031596,37.34232898
2021,-121.8584524,37.45411785
2021,-122.1374888,37.16052217
2021,-122.4872515,37.77086727
2021,-122.2645379,37.55668697
2021,-122.5392616,37.9590096
2021,-122.4139717,37.61693
2021,-122.5989536,37.97818262
2021,-122.524593,37.91103114
2021,-122.0631196,37.34132179
2021,-122.2618015,37.41024758
2021,-122.34809,37.57787
2021,-121.8587033,37.32225
2021,-121.8593952,37.32126548
2021,-121.861731,37.32446118
2021,-121.8623967,37.32245
2021,-121.8581792,37.32192293
2021,-122.1771945,37.44168833
2021,-122.0296915,36.96640339
2021,-122.0678472,37.39660333
2021,-122.0683528,37.39693
2021,-121.858145,37.32236081
2021,-122.069421,37.39087377
2021,-121.4624403,38.57499656
2021,-122.128371,37.4281558
2021,-122.0421906,37.34342423
2021,-122.0414459,37.3433411
2021,-122.0420793,37.3434909
2021,-122.3267618,37.2617814
2021,-122.0025732,37.3282285
2021,-122.4182682,37.66474144
2021,-122.2338717,37.53566167
2021,-122.2235579,37.47636932
2021,-122.0631417,37.0401945
2021,-122.063225,37.03965833
2021,-122.0631417,37.0401945
2021,-122.0631333,37.03919717
2021,-121.9241467,37.30017833
2021,-121.98707,37.22861167
2021,-122.1008769,37.33040242
2021,-122.0442107,37.35727736
2021,-122.0423349,37.3434213
2021,-122.0425034,37.34335392
2021,-122.1835333,37.46721667
2021,-122.0466551,37.35537646
2021,-121.8616081,37.3763369
2021,-121.8614338,37.37424139
2021,-122.226437,37.79791998
2021,-122.5447225,38.02365412
2021,-121.9327875,37.29648657
2021,-122.1427266,37.44965996
2021,-121.9329362,37.29637082
2021,-122.0321823,37.3229978
2021,-121.2883236,37.978067
2021,-122.2431175,37.39503673
2021,-122.3343004,37.53072042
2021,-121.9732361,37.23717222
2021,-121.9562645,36.98729127
2021,-122.4069728,37.6793518
2021,-122.0230146,37.2638324
2021,-122.2411883,37.486155
2021,-122.4800024,37.73620172
2021,-122.2338867,37.53563
2021,-121.914718,37.3632543
2021,-122.2338867,37.53568667
2021,-122.478471,37.73614615
2021,-122.0480546,37.32630892
2021,-122.1058992,37.10883584
2021,-121.5114257,38.47742983
2021,-121.7952633,37.226105
2021,-122.1019174,37.39185621
2021,-122.4456558,37.74290517
2021,-121.9432006,37.40028391
2021,-122.4435883,37.753795
2021,-122.3034149,37.53617106
2021,-121.98417,37.16134167
2021,-122.1430195,37.44201103
2021,-121.8612583,37.37487004
2021,-121.922425,37.33949167
2021,-121.86147,37.37580568
2021,-122.0991167,37.39321787
2021,-122.0091778,37.2825
2021,-122.2165192,37.3912805
2021,-122.1430195,37.44201103
2021,-121.8318776,37.51597831
2021,-121.7302688,37.16857331
2021,-122.3270653,37.26247818
2021,-122.4224778,37.72388745
2021,-122.1375487,37.40355233
2021,-121.3505172,38.5532648
2021,-122.0639989,37.23499503
2021,-122.2525417,37.48727833
2021,-121.888405,37.30127167
2021,-121.8062583,37.24897833
2021,-121.9727121,37.23725467
2021,-122.5162328,37.54060617
2021,-121.9834485,37.2064777
2021,-122.0641918,37.04035008
2021,-121.3282383,38.046075
2021,-121.9636833,37.269675
2021,-121.970595,37.23937132
2021,-121.9892487,36.96956267
2021,-121.8130583,37.28124722
2021,-121.3119915,38.6169693
2021,-122.1430195,37.44201103
2021,-121.9428236,37.39999061
2021,-121.9428236,37.39999061
2021,-121.9159749,36.61284679
2021,-122.53572,37.97613667
2021,-122.19757,37.47325833
2021,-122.0149822,36.98530586
2021,-122.339124,37.549699
2021,-122.0243624,37.28687742
2021,-121.9454017,36.97931545
2021,-122.5730438,37.9802475
2021,-122.181861,37.44124435
2021,-122.1782506,37.46967567
2021,-122.4970083,37.76718
2021,-122.236145,37.45752716
2021,-122.0582259,37.37622406
2021,-122.0760215,37.36628335
2021,-122.3349437,37.54975424
2021,-121.9279321,36.98178664
2021,-122.2093704,37.42372864
2021,-122.2102524,37.42406654
2021,-121.8609783,37.32242
2021,-121.9521472,37.32891389
2021,-121.95546,37.40602296
2021,-121.3124403,38.61682115
2021,-122.4382308,37.74010172
2021,-121.9521861,37.34356667
2021,-121.4623117,38.634875
2021,-121.9139257,36.97199709
2021,-122.1197791,37.37384419
2021,-122.1197661,37.37364895
2021,-122.5154032,37.54150139
2021,-121.9455203,36.98055196
2021,-122.5018167,37.76865833
2021,-121.9364306,37.32937222
2021,-122.047898,36.9758915
2021,-122.047898,36.9758915
2021,-121.7702778,38.54953889
2021,-121.7715939,38.55410241
2021,-122.5031964,37.76996043
2021,-121.9454381,36.97933254
2021,-122.2297875,37.47821429
2021,-122.171509,37.475011
2021,-121.9997866,36.9633596
2021,-122.3400733,37.5496557
2021,-122.4821789,37.50953949
2021,-122.0638417,37.03998617
2021,-122.53598,37.976295
2021,-122.3209422,37.58119886
2021,-122.0366248,36.99074072
2021,-122.0363497,37.36879532
2021,-121.5011063,38.54452896
2021,-122.5761774,37.98802633
2021,-121.3755043,38.39503935
2021,-122.3858564,37.58180873
2021,-121.701545,38.55017167
2021,-122.0636756,37.0399563
2021,-122.0174673,36.97492584
2021,-122.2336367,37.53655
2021,-122.340766,37.55307793
2021,-121.9362722,37.32930278
2021,-121.8985667,37.16050091
2021,-121.8775861,37.289425
2021,-122.2612829,37.41124526
2021,-122.171509,37.475011
2021,-122.171509,37.475011
2021,-122.5022659,37.76870195
2021,-122.1430195,37.44201103
2021,-122.2780993,37.50624097
2021,-121.5735128,38.53671414
2021,-122.4149083,37.61450333
2021,-122.2704009,37.39174819
2021,-121.843825,37.36781333
2021,-122.2661133,37.563195
2021,-122.0816278,37.08065278
2021,-122.4830322,37.77185822
2021,-122.2717761,37.40636098
2021,-122.2879029,37.51484426
2021,-121.9915,36.96926167
2021,-121.3097384,38.61683517
2021,-121.9342106,37.29190799
2021,-121.9608636,36.96848665
2021,-122.233895,37.535695
2021,-122.4808799,37.51139952
2021,-121.9633167,37.24632
2021,-121.950675,37.33301667
2021,-122.4830707,37.7693224
2021,-121.4635373,38.57592773
2021,-122.3191012,37.58726753
2021,-122.0461297,36.95692362
2021,-122.0321823,37.32299408
2021,-121.4771559,38.56730686
2021,-121.8953517,37.29397921
2021,-122.50898,37.77081667
2021,-122.1424797,37.45003866
2021,-121.9438248,36.99243164
2021,-121.9217679,37.33391275
2021,-121.9904882,36.97534672
2021,-122.0209497,37.26923576
2021,-122.7979816,38.5610775
2021,-122.7979816,38.5610775
2021,-122.3799009,37.57007756
2021,-122.1567651,37.42539923
2021,-122.5286417,38.00306667
2021,-122.1560378,37.42434297
2021,-122.2338867,37.53566667
2021,-122.2777212,37.51048199
2021,-122.3004955,37.51047831
2021,-122.0113353,36.9719362
2021,-122.3384405,37.54651764
2021,-121.9447976,36.98193134
2021,-121.7642005,37.23557523
2021,-122.3857296,37.58153119
2021,-122.1485542,37.43983639
2021,-121.9280653,37.42118127
2021,-121.9453625,36.97939282
2021,-122.2761694,37.53496397
2021,-122.3279835,37.56289381
2021,-122.0571469,37.0607664
2021,-122.3857922,37.58172927
2021,-122.3860347,37.58144889
2021,-122.2915039,37.56315613
2021,-122.1496055,37.43082
2021,-121.9511287,37.3179509
2021,-121.1638361,38.7632345
2021,-121.4883652,38.57618713
2021,-122.3994427,37.67833931
2021,-122.2518307,37.42875641
2021,-122.0386223,37.58785886
2021,-122.5903167,37.99210333
2021,-122.5956409,37.98294149
2021,-121.895956,37.28990272
2021,-122.4249878,37.79321289
2021,-121.9566438,36.98709803
2021,-122.3348946,37.54974408
2021,-122.2378953,37.42488238
2021,-122.19395,37.42051986
2021,-122.2543748,37.45541296
2021,-122.1400417,37.44476677
2021,-122.2331398,37.45417298
2021,-122.190038,37.48445723
2021,-121.9416228,37.318912
2021,-121.9416228,37.318912
2021,-121.9455976,36.97958691
2021,-121.96521,36.97079086
2021,-121.8960968,37.29358067
2021,-121.9853298,37.21582626
2021,-122.1423616,37.45000458
2021,-121.8646837,37.19561124
2021,-121.8935942,37.29467566
2021,-122.4414907,37.7685838
2021,-122.0688584,37.39825086
2021,-121.9416694,37.24195865
2021,-122.5339967,37.97679167
2021,-122.3161,37.55063333
2021,-121.9454183,36.97939082
2021,-121.7697043,37.6343798
2021,-122.1151972,37.42100333
2021,-122.0336612,36.96513333
2021,-121.84102,37.31633
2021,-121.8135796,37.28159703
2021,-121.9364722,37.24795176
2021,-121.9364722,37.24795176
2021,-121.9364722,37.24795176
2021,-121.9416228,37.318912
2021,-122.337003,37.56392146
2021,-122.801995,38.54852833
2021,-121.5055858,38.5459738
2021,-121.95977,36.97746667
2021,-121.9921163,37.36570649
2021,-122.015518,37.358975
2021,-122.2053765,37.38105504
2021,-121.9843725,36.96469885
2021,-122.1975202,37.70786025
2021,-122.2587347,37.49787808
2021,-121.9544086,37.4038071
2021,-122.3859266,37.58154018
2021,-122.3277056,37.55182832
2021,-122.5560035,37.95766422
2021,-122.1457138,37.44641876
2021,-121.8686,37.330425
2021,-122.4427104,37.72861678
2021,-122.3369127,37.55372669
2021,-122.3995255,37.67811941
2021,-122.4141152,37.61973759
2021,-121.9414667,37.30465333
2021,-121.79384,37.26364234
2021,-121.8209289,37.26502601
2021,-121.8208839,37.26471803
2021,-121.8759528,36.9997792
2021,-122.1193738,37.37415309
2021,-122.0982781,37.433658
2021,-122.4559477,37.72793597
2021,-122.2785492,37.51835632
2021,-122.4560083,37.72792833
2021,-122.1014945,37.333255
2021,-122.4555701,37.72817014
2021,-122.3995603,37.79420259
2021,-122.4555701,37.72831674
2021,-121.8680926,37.32650356
2021,-122.4357927,37.75449237
2021,-121.90035,37.30079605
2021,-122.060759,37.32080627
2021,-122.0107278,37.40297167
2021,-121.9050198,37.24900857
2021,-122.3214861,37.56134722
2021,-122.3031917,37.53583833
2021,-121.9494171,37.05318623
2021,-122.2976439,37.54913063
2021,-122.0479831,37.5583819
2021,-122.4939478,38.00722291
2021,-121.9701486,37.24483894
2021,-122.3112895,37.55280656
2021,-122.3348716,37.54977996
2021,-122.3224471,37.56220607
2021,-122.3303056,37.5628768
2021,-121.9553908,36.98644606
2021,-122.5094083,37.77007833
2021,-122.5280833,37.99790833
2021,-122.4194031,37.77489853
2021,-121.8410717,37.31556667
2021,-122.0336695,36.96592833
2021,-122.6585303,38.24020678
2021,-121.9705259,37.31756099
2021,-122.5812833,37.97758
2021,-121.970449,37.24118338
2021,-121.905395,37.31016167
2021,-121.9541082,37.40571617
2021,-122.0991167,37.39321787
2021,-122.4069728,37.6793518
2021,-122.1560972,37.45191167
2021,-122.0334695,36.96587
2021,-122.0327612,36.96409667
2021,-122.3035967,37.53635
2021,-121.8994145,37.29333995
2021,-121.8355333,37.31457833
2021,-122.2330412,37.4542267
2021,-122.1561362,37.45178333
2021,-121.8174125,37.2973415
2021,-122.3858135,37.58160315
2021,-122.4827653,37.50939214
2021,-121.9456223,36.97925719
2021,-122.1615787,37.35031479
2021,-121.903388,37.32069823
2021,-121.9287239,36.62003075
2021,-122.0327528,36.96655
2021,-122.0315778,36.96387833
2021,-121.9537994,37.26472027
2021,-121.917051,37.28321617
2021,-122.0898222,37.33906167
2021,-122.0602204,36.95815862
2021,-122.463805,37.664425
2021,-122.3036083,37.53590369
2021,-122.1404979,37.19376403
2021,-122.3982083,37.76265333
2021,-122.0883945,37.33751667
2021,-122.5608967,37.946645
2021,-122.1725367,37.47556961
2021,-121.944983,36.97902031
2021,-121.8687486,37.33025201
2021,-122.0333112,36.96500333
2021,-122.03035,36.96497167
2021,-122.0307083,36.96533333
2021,-122.4987022,37.76714787
2021,-122.0234875,36.96699327
2021,-121.9174957,37.28287506
2021,-122.3057442,37.53425154
2021,-122.4242998,37.72115939
2021,-122.0238425,37.39715495
2021,-121.9677219,37.24325264
2021,-121.876105,37.28668833
2021,-122.0238425,37.39715495
2021,-122.1399924,37.38710381
2021,-121.8516509,37.36015481
2021,-121.9364722,37.24795176
2021,-121.9364722,37.24795176
2021,-122.0892195,37.33798667
2021,-122.0888055,37.33797833
2021,-122.3215748,37.58092651
2021,-122.0041889,37.96167833
2021,-122.1046383,37.39460565
2021,-122.3191012,37.58726753
2021,-122.261711,37.4104262
2021,-122.3200567,37.55347067
2021,-122.0622341,37.03907176
2021,-122.3408133,37.55616726
2021,-122.0578483,36.99813934
2021,-122.0893097,37.33800894
2021,-122.4987984,37.76765504
2021,-121.7713013,37.2393074
2021,-122.1694486,37.47529268
2021,-122.399551,37.67814864
2021,-121.4884629,38.57109372
2021,-121.9388797,37.28606667
2021,-121.8008523,37.2768002
2021,-121.9022703,37.34169667
2021,-122.0543596,37.0332967
2021,-122.0133746,37.40200936
2021,-122.4835895,37.76932205
2021,-122.3233458,37.55677547
2021,-121.9450242,36.97963969
2021,-122.3337951,37.5629392
2021,-121.8676053,37.33640891
2021,-122.3246791,37.55808109
2021,-117.0887627,32.74542083
2021,-121.8510971,37.2205224
2021,-122.0753446,37.34345561
2021,-122.3363639,37.55880605
2021,-122.3214601,37.58873744
2021,-122.566958,37.97588968
2021,-122.4862138,37.7694208
2021,-121.9375801,37.28778842
2021,-122.0001528,37.30006333
2021,-122.5901321,37.98354045
2021,-121.9470959,37.27663351
2021,-122.6031055,38.12149041
2021,-122.5026468,37.76935256
2021,-122.5031133,37.7333
2021,-121.944986,36.98008896
2021,-122.1789467,37.44639167
2021,-122.5020367,37.768605
2021,-122.322075,37.561505
2021,-121.8708583,37.23806667
2021,-122.2330531,37.45415823
2021,-121.962255,37.33612833
2021,-122.2634667,37.50313667
2021,-122.1199308,37.37534371
2021,-121.8708409,37.23824724
2021,-122.2637114,37.32176968
2021,-121.9454756,36.9792939
2021,-122.3195333,37.59089667
2021,-122.0522305,36.997105
2021,-121.8981333,36.59943
2021,-121.9672445,37.44358121
2021,-122.0870711,37.4315162
2021,-122.3281242,37.54690495
2021,-122.2779379,37.44929431
2021,-122.5027917,37.73503833
2021,-121.9469778,37.27482942
2021,-121.9363717,37.32943667
2021,-122.0256303,37.3422473
2021,-121.9806217,36.98882167
2021,-121.7650911,37.23614594
2021,-122.103658,37.41793019
2021,-122.1037072,37.41793549
2021,-122.1037672,37.41791656
2021,-122.1032468,37.4182027
2021,-122.1029678,37.41791991
2021,-122.1037752,37.41839922
2021,-122.103145,37.41896824
2021,-122.1040932,37.41901053
2021,-121.9215547,37.33717274
2021,-122.0869379,37.43211041
2021,-122.0097149,36.96495797
2021,-121.50721,38.54595773
2021,-121.5069992,38.54549253
2021,-121.5048222,38.54530784
2021,-121.5046084,38.54536191
2021,-121.5051977,38.54504166
2021,-121.5170137,38.51224863
2021,-121.5171532,38.51100608
2021,-122.2524491,37.53191827
2021,-122.0407767,37.37692096
2021,-122.0574636,37.37600653
2021,-121.919945,37.48742833
2021,-122.2367033,37.48608
2021,-121.9845283,37.06886383
2021,-122.1518306,37.42686405
2021,-122.1088938,37.41776656
2021,-121.994617,36.9708953
2022,-122.329995,37.545875
2022,-122.46753,37.79615833
2022,-122.329913,37.56161742
2022,-121.91993,37.29223333
2022,-121.9287417,37.33268
2022,-122.1333083,37.43093667
2022,-122.0770874,37.03340912
2022,-121.9437333,37.47603833
2022,-122.1907967,37.46280333
2022,-121.907805,37.35121167
2022,-122.0614157,37.03717459
2022,-122.1670533,37.47356167
2022,-122.3369091,37.56102471
2022,-121.7816867,37.25117833
2022,-122.0991167,37.39321787
2022,-122.320039,37.55118248
2022,-122.0561528,36.95293333
2022,-122.3342216,37.55757761
2022,-121.9692318,37.24067539
2022,-122.171465,37.47492124
2022,-122.5082283,37.52861813
2022,-122.5808033,37.97783333
2022,-121.7298516,38.55312033
2022,-122.3343445,37.5474886
2022,-121.8551444,37.3225535
2022,-121.8597339,37.32237519
2022,-121.83332,37.27318833
2022,-122.2621013,37.53607546
2022,-122.3376287,37.56081722
2022,-122.0420695,37.0288805
2022,-121.8578363,37.32161769
2022,-121.7653765,36.98322649
2022,-122.0550493,37.34821601
2022,-122.2280014,37.43889414
2022,-122.0095348,36.96488189
2022,-122.16707,37.46823
2022,-122.1668383,37.46854667
2022,-122.1910633,37.46417
2022,-122.1448833,37.37840333
2022,-122.2337583,37.53563333
2022,-122.0092813,36.96456204
2022,-122.4590302,37.69670638
2022,-122.138246,37.40868183
2022,-122.1387269,37.41033944
2022,-122.1383278,37.409855
2022,-122.1780867,37.45344167
2022,-121.970449,37.24118338
2022,-122.027079,37.58757306
2022,-122.1390158,37.4450052
2022,-122.4398583,37.77032833
2022,-122.3278417,37.56186667
2022,-122.1170934,37.43737559
2022,-122.0688333,37.39796333
2022,-122.1165911,37.43801722
2022,-121.9750379,37.3419254
2022,-122.49408,37.728305
2022,-122.0567621,36.95283034
2022,-122.0745605,37.4187573
2022,-122.0102833,37.300005
2022,-121.8881833,37.28001167
2022,-121.88817,37.28001333
2022,-122.0094331,37.26363065
2022,-122.0084317,37.26462814
2022,-122.0094592,37.26376091
2022,-121.4995216,38.53988497
2022,-121.5055858,38.5459738
2022,-121.8280902,37.25402449
2022,-122.1792617,37.45386167
2022,-121.9166272,37.30848222
2022,-121.9280435,37.30469402
2022,-122.0865862,37.42164167
2022,-122.1161908,37.43773357
2022,-122.192326,37.44948285
2022,-122.1160967,37.43784062
2022,-122.096207,37.43334754
2022,-121.9303743,37.34290302
2022,-122.0609972,37.03837217
2022,-122.1929167,37.45418833
2022,-122.1924967,37.44941667
2022,-122.0737319,37.37922625
2022,-122.1025205,37.41871844
2022,-122.1036752,37.41781734
2022,-121.4692833,38.548155
2022,-121.9557252,37.406554
2022,-122.040689,37.3012119
2022,-121.9230459,37.33390345
2022,-121.912705,36.972695
2022,-121.9704784,37.24478422
2022,-122.1784217,37.45473
2022,-122.1430195,37.4418834
2022,-121.5235637,38.60264759
2022,-117.5346943,33.80647981
2022,-122.3299022,37.56149175
2022,-121.8407477,36.91319069
2022,-122.1427083,37.38757833
2022,-121.9289633,37.33226333
2022,-121.501,38.541
2022,-121.501,38.542
2022,-121.9633717,37.24547
2022,-122.1423616,37.45000458
2022,-121.524,38.609
2022,-122.4152013,37.7389496
2022,-122.1426334,37.38782174
2022,-122.2401117,37.46273833
2022,-121.8766074,37.31069608
2022,-122.2898867,37.51551333
2022,-122.0426511,37.34315601
2022,-122.4862138,37.7694208
2022,-122.5060901,37.54497419
2022,-121.491195,38.57565
2022,-121.4902216,38.57595876
2022,-122.3209105,37.56098668
2022,-121.91478,37.240905
2022,-122.0600362,37.03820833
2022,-122.0606695,37.03697217
2022,-122.0626138,37.03764717
2022,-122.0640112,37.03687783
2022,-122.222488,37.27325478
2022,-122.3353684,37.55820698
2022,-121.9573413,36.97971511
2022,-122.0097106,36.96497844
2022,-122.18293,37.45479667
2022,-122.5375731,37.9692426
2022,-122.09563,37.39972501
2022,-121.9438668,37.28865999
2022,-122.0808182,37.15905762
2022,-122.1196399,37.37335702
2022,-121.793357,37.26423808
2022,-122.3860114,37.58153866
2022,-121.9544086,37.4038071
2022,-121.7949935,37.26310444
2022,-122.0124594,36.96636911
2022,-122.0584929,37.4028979
2022,-121.8913639,37.35148333
2022,-122.2246273,37.37185087
2022,-122.5082049,37.52869162
2022,-121.9365057,36.9821338
2022,-122.1381534,37.44477529
2022,-121.4890121,38.57582685
2022,-122.0881811,37.40109513
2022,-121.4623602,38.57585973
2022,-122.3265833,37.56028667
2022,-122.0310064,36.96257183
2022,-122.1149659,37.38023715
2022,-122.0286665,37.87693189
2022,-122.0455906,37.32419751
2022,-121.970754,37.31825635
2022,-122.1423616,37.45000458
2022,-121.7089382,37.594493
2022,-122.0133361,37.30756167
2022,-122.0084963,37.2643625
2022,-122.152271,37.43982974
2022,-122.0688294,37.34221535
2022,-122.1422112,37.38787
2022,-122.1527649,37.44045995
2022,-122.1540733,37.44116992
2022,-122.154388,37.44129486
2022,-122.4816953,37.50706703
2022,-122.3261449,37.2617844
2022,-122.0746388,37.35374167
2022,-122.1013028,37.35278667
2022,-122.2656273,37.35763362
2022,-122.05888,37.286605
2022,-121.9362925,37.3295385
2022,-122.6017345,38.11071698
2022,-122.243502,37.48675094
2022,-122.243502,37.48675094
2022,-122.243502,37.48675094
2022,-122.243502,37.48675094
2022,-122.3210634,37.56203355
2022,-122.0443337,37.0313343
2022,-121.8346717,37.27313
2022,-121.9362924,37.32955792
2022,-121.4242921,38.46948962
2022,-122.1423616,37.45000458
2022,-122.0167167,37.34082833
2022,-121.5722668,38.55042307
2022,-119.1933384,34.28337693
2022,-121.5084567,38.58418894
2022,-122.0899534,37.09055288
2022,-121.8746047,36.97889035
2022,-117.150666,34.0527225
2022,-122.0396948,37.37690137
2022,-121.9161778,37.26005644
2022,-122.5021354,37.76944299
2022,-121.943695,37.28860833
2022,-122.0392035,37.37616428
2022,-121.0746618,38.68389636
2022,-121.975495,37.34291167
2022,-121.975525,37.34068667
2022,-121.945122,37.32952878
2022,-122.4069728,37.6793518
2022,-122.274227,37.3190255
2022,-121.9679279,37.2434708
2022,-122.0172557,37.42808196
2022,-122.2777961,37.51716437
2022,-122.4824008,37.50928397
2022,-122.441903,37.65105464
2022,-122.4827031,37.50938032
2022,-121.9416228,37.318912
2022,-122.086836,37.43162394
2022,-122.4942565,37.58455989
2022,-122.2785721,37.51738739
2022,-122.0245645,37.41710039
2022,-122.0586853,37.05110169
2022,-122.3373145,37.55151441
2022,-121.5076163,38.55028644
2022,-121.7805627,37.24725331
2022,-122.1875558,37.31322363
2022,-122.4828814,37.50942491
2022,-121.9048794,37.24912568
2022,-121.5012531,38.54163242
2022,-122.2918392,37.55676806
2022,-122.2884368,37.55846019
2022,-121.921061,37.40345933
2022,-122.0225917,37.38303
2022,-122.4821745,37.50918509
2022,-122.5082162,37.52862067
2022,-122.2339167,37.53568667
2022,-121.4891583,38.57554667
2022,-122.2094267,37.43276336
2022,-122.2097271,37.43317229
2022,-122.0052806,37.30601812
2022,-122.0557646,36.95306399
2022,-122.0557579,36.95304096
2022,-121.9154056,37.42754444
2022,-122.094919,37.33263656
2022,-122.5885917,38.43285833
2022,-122.4823701,37.50920379
2022,-122.486919,37.613825
2022,-122.0808258,37.07871246
2022,-122.5948867,37.943355
2022,-121.4630764,38.5768935
2022,-122.2983383,37.557495
2022,-121.500036,38.4727832
2022,-122.023762,37.42278322
2022,-122.0889611,37.33188056
2022,-122.2338333,37.53576333
2022,-121.9364722,37.24795176
2022,-122.1788867,37.44653667
2022,-121.9375617,36.98306333
2022,-122.5931467,38.1105
2022,-121.990555,36.965845
2022,-121.0546775,38.91250663
2022,-122.2587048,37.497859
2022,-122.5082054,37.52860193
2022,-122.5082054,37.52860193
2022,-122.0561362,37.380025
2022,-122.0628024,37.31346015
2022,-122.5082076,37.52860285
2022,-122.3349083,37.549805
2022,-122.062272,37.04010817
2022,-122.5022967,37.734795
2022,-122.0237241,36.96693838
2022,-122.0871195,37.43185833
2022,-122.3193707,37.59034873
2022,-122.5030317,37.77097362
2022,-122.0312055,36.97415833
2022,-122.4944476,37.58476712
2022,-122.0220638,37.38293
2022,-122.4955458,37.7206672
2022,-122.0216275,37.42293494
2022,-121.337154,38.02176104
2022,-122.502082,37.77017866
2022,-122.1393278,37.36935833
2022,-122.1965218,37.47900499
2022,-122.3290329,37.58035278
2022,-122.3358394,37.5491983
2022,-122.2612135,37.56318875
2022,-122.0639195,37.04025283
2022,-122.5339321,37.89717292
2022,-122.5325746,37.97559043
2022,-122.2856342,37.51713772
2022,-122.535325,37.97667833
2022,-122.5364159,37.97708338
2022,-122.5350583,37.97593333
2022,-122.5325732,37.97594675
2022,-122.5326467,37.97554667
2022,-121.9516533,37.3184
2022,-121.933145,36.98152167
2022,-121.8739446,37.34809579
2022,-122.2946396,37.51155853
2022,-122.0867917,37.43156333
2022,-121.9293528,37.29772018
2022,-122.0268398,36.96328577
2022,-122.5356047,37.97660044
2022,-122.2869664,37.51511585
2022,-122.2868717,37.51495
2022,-121.3018775,37.9631205
2022,-122.0576386,36.95151586
2022,-122.2510191,37.52276679
2022,-122.0233438,37.42491012
2022,-122.256155,37.51042167
2022,-122.0876083,37.431805
2022,-122.0864028,37.43089667
2022,-121.6782074,36.8006157
2022,-122.5356947,37.9760621
2022,-121.7987061,37.23183823
2022,-122.3167092,37.58797186
2022,-121.9549021,37.40556275
2022,-121.9550952,37.40544344
2022,-122.0403441,36.9567346
2022,-121.9116667,36.973245
2022,-121.9323355,37.29681711
2022,-122.2947311,37.50875473
2022,-122.2947311,37.50875473
2022,-122.2479361,38.13277449
2022,-122.5354167,37.97614167
2022,-121.863693,37.2446896
2022,-122.0868461,37.43168933
2022,-122.53508,37.97568833
2022,-121.9150522,37.24343446
2022,-121.8755416,37.3472225
2022,-122.5177655,37.52433857
2022,-121.946655,37.279125
2022,-121.9827717,36.97052
2022,-121.9487208,37.3174557
2022,-122.318925,37.58840833
2022,-122.2856903,37.51449966
2022,-121.9012145,37.28296568
2022,-121.9006417,37.28297778
2022,-122.1197805,37.37358
2022,-121.4332667,38.57751333
2022,-121.9537372,37.40470499
2022,-122.1755529,37.31872819
2022,-121.927615,37.29865388
2022,-121.9267652,37.29902726
2022,-121.927269,37.29877449
2022,-122.0557129,36.95351214
2022,-122.0597916,36.95377118
2022,-122.0448542,37.39283379
2022,-121.5782288,37.0214575
2022,-121.8139931,37.20514533
2022,-122.2393283,37.54810833
2022,-122.4823952,37.50900801
2022,-122.5146934,37.52394488
2022,-122.0327635,36.96259726
2022,-122.2557661,37.50066929
2022,-121.948945,37.27928667
2022,-122.1084445,37.39632
2022,-122.0100861,37.39168667
2022,-117.8341487,33.92048787
2022,-121.4943997,38.58147387
2022,-122.5355308,37.89779238
2022,-122.0608222,36.99904667
2022,-121.9191883,37.24694167
2022,-122.3274167,37.562155
2022,-122.2302033,37.38205333
2022,-122.5082094,37.5286035
2022,-122.0293278,37.58683333
2022,-121.9364722,37.24795176
2022,-121.8715979,37.23845445
2022,-121.8996057,37.3561053
2022,-121.965607,37.41619502
2022,-122.4825044,37.50895936
2022,-122.2592083,37.497905
2022,-121.9555145,37.40400908
2022,-122.3349133,37.54988
2022,-122.5354296,37.97637275
2022,-122.5082046,37.52860855
2022,-122.0596471,36.95385069
2022,-122.5562055,38.10986211
2022,-121.9550523,37.4053923
2022,-121.9544086,37.4038071
2022,-122.5246431,37.99869058
2022,-122.4269596,37.79189092
2022,-122.1819167,37.44934667
2022,-121.9549236,37.40520482
2022,-122.524605,37.99858833
2022,-122.0174351,37.40994938
2022,-121.9176558,37.27349524
2022,-122.4825292,37.50951024
2022,-122.038664,37.0561201
2022,-122.6801533,38.293925
2022,-121.9518693,37.26507379
2022,-121.87818,37.280105
2022,-121.8782967,37.28030333
2022,-121.8783283,37.28034667
2022,-122.3967883,37.7285
2022,-122.4160783,37.741775
2022,-121.9496948,37.26763494
2022,-121.8603564,37.32215298
2022,-121.92198,37.42094667
2022,-121.7985383,37.22650333
2022,-122.5302927,38.00025668
2022,-121.9480833,37.31384167
2022,-122.0640073,37.0398828
2022,-121.9334417,37.30933833
2022,-122.0231947,37.42321697
2022,-121.4630764,38.5768935
2022,-121.4630764,38.5768935
2022,-122.1423333,37.47322833
2022,-121.8698792,37.34107999
2022,-122.5081945,37.52861701
2022,-122.2900021,37.55736685
2022,-121.9926833,37.35218
2022,-122.5082355,37.52859347
2022,-122.025791,37.42292683
2022,-122.4825363,37.50922501
2022,-122.0263423,36.9633436
2022,-122.4819648,37.50699435
2022,-122.4907383,37.581725
2022,-122.4862138,37.7694208
2022,-122.4862138,37.7694208
2022,-122.4862138,37.7694208
2022,-122.5040054,37.73223877
2022,-121.9352861,36.98072061
2022,-122.0237415,36.96688199
2022,-122.0185556,37.42202443
2022,-122.058425,36.95240833
2022,-122.061539,37.08468873
2022,-122.0562686,36.95274334
2022,-122.4446844,37.76623551
2022,-121.9754072,37.34276141
2022,-122.1414805,37.45091667
2022,-122.0096542,36.96510404
2022,-122.0363496,37.36883
2022,-122.0800635,37.37307885
2022,-121.9390709,37.39173234
2022,-121.9382922,37.38990732
2022,-122.2325367,37.45081667
2022,-122.0946918,37.36672411
2022,-122.062698,37.037873
2022,-121.9388034,37.39041567
2022,-122.1489862,37.45988333
2022,-121.8984914,37.34098549
2022,-121.8985133,36.96923833
2022,-122.0600278,37.0377305
2022,-122.0560083,36.95444167
2022,-121.9555133,37.392855
2022,-122.01129,36.98626742
2022,-121.9384709,37.28585384
2022,-122.0856695,37.42046333
2022,-122.1536167,37.44592167
2022,-122.1046189,37.41828294
2022,-122.145473,37.4376976
2022,-122.2580333,37.38455333
2022,-122.1188539,37.37331141
2022,-121.461473,38.57742213
2022,-121.5037745,38.56859469
2022,-121.904792,37.24906036
2022,-122.0622778,37.03933617
2022,-122.4831051,37.50886009
2022,-121.875,37.378
2022,-122.4709624,37.50587173
2022,-122.0034149,36.96434737
2022,-122.0343344,37.58648934
2022,-122.4829171,37.78692642
2022,-122.3289127,37.57661879
